{"cameraMode":{"drawMode":0,"name":"Shaded","section":"Shading Mode"},"sceneLighting":false,"audioPlay":false,"sceneViewState":{"showFog":true,"showMaterialUpdate":false,"showSkybox":true,"showFlares":true,"showImageEffects":true,"showParticleSystems":true},"in2DMode":false,"pivot":{"x":1.3296793699264527,"y":-6.9444684982299809,"z":4.51251220703125},"rotation":{"x":-0.4683513045310974,"y":-0.09507839381694794,"z":0.05077928304672241,"w":-0.8769428133964539},"size":19.601551055908204,"orthographic":false}