{"cameraMode":{"drawMode":0,"name":"Shaded","section":"Shading Mode"},"sceneLighting":false,"audioPlay":false,"sceneViewState":{"showFog":true,"showMaterialUpdate":false,"showSkybox":true,"showFlares":true,"showImageEffects":true,"showParticleSystems":true},"in2DMode":false,"pivot":{"x":-0.21600520610809327,"y":0.4031866788864136,"z":0.008446425199508667},"rotation":{"x":-0.6307421922683716,"y":-0.003490304574370384,"z":0.0028384251054376365,"w":-0.7759794592857361},"size":3.877981662750244,"orthographic":false}