{"cameraMode":{"drawMode":0,"name":"Shaded","section":"Shading Mode"},"sceneLighting":false,"audioPlay":false,"sceneViewState":{"showFog":true,"showMaterialUpdate":false,"showSkybox":true,"showFlares":true,"showImageEffects":true,"showParticleSystems":true},"in2DMode":false,"pivot":{"x":-0.15438134968280793,"y":-2.355792999267578,"z":-0.6148076057434082},"rotation":{"x":-0.5335692763328552,"y":-0.003303108736872673,"z":0.002083073602989316,"w":-0.8457474112510681},"size":12.42709732055664,"orthographic":false}