{"cameraMode":{"drawMode":0,"name":"Shaded","section":"Shading Mode"},"sceneLighting":false,"audioPlay":false,"sceneViewState":{"showFog":true,"showMaterialUpdate":false,"showSkybox":true,"showFlares":true,"showImageEffects":true,"showParticleSystems":true},"in2DMode":false,"pivot":{"x":-0.07352990657091141,"y":0.35178661346435549,"z":-0.7864208221435547},"rotation":{"x":-0.6133296489715576,"y":-0.009007817134261132,"z":0.006995000876486301,"w":-0.7897447347640991},"size":13.435704231262207,"orthographic":false}