{"cameraMode":{"drawMode":0,"name":"Shaded","section":"Shading Mode"},"sceneLighting":false,"audioPlay":false,"sceneViewState":{"showFog":true,"showMaterialUpdate":false,"showSkybox":true,"showFlares":true,"showImageEffects":true,"showParticleSystems":true},"in2DMode":false,"pivot":{"x":-0.0008118748664855957,"y":0.09772968292236328,"z":4.167121887207031},"rotation":{"x":0.4988623857498169,"y":-0.00780364079400897,"z":0.004491992294788361,"w":0.8666344881057739},"size":16.92527198791504,"orthographic":false}