{"cameraMode":{"drawMode":0,"name":"Shaded","section":"Shading Mode"},"sceneLighting":false,"audioPlay":false,"sceneViewState":{"showFog":true,"showMaterialUpdate":false,"showSkybox":true,"showFlares":true,"showImageEffects":true,"showParticleSystems":true},"in2DMode":false,"pivot":{"x":0.24901843070983888,"y":-2.2602291107177736,"z":0.038899779319763187},"rotation":{"x":0.6693439483642578,"y":0.024500157684087755,"z":-0.02209428697824478,"w":0.7422198057174683},"size":13.123383522033692,"orthographic":false}