{"cameraMode":{"drawMode":0,"name":"Shaded","section":"Shading Mode"},"sceneLighting":false,"audioPlay":false,"sceneViewState":{"showFog":true,"showMaterialUpdate":false,"showSkybox":true,"showFlares":true,"showImageEffects":true,"showParticleSystems":true},"in2DMode":false,"pivot":{"x":3.2127304077148439,"y":-0.0297393798828125,"z":-0.7966604232788086},"rotation":{"x":-0.3803520202636719,"y":-0.07478765398263931,"z":0.030876141041517259,"w":-0.9212957620620728},"size":10.559391975402832,"orthographic":false}