{"cameraMode":{"drawMode":0,"name":"Shaded","section":"Shading Mode"},"sceneLighting":false,"audioPlay":false,"sceneViewState":{"showFog":true,"showMaterialUpdate":false,"showSkybox":true,"showFlares":true,"showImageEffects":true,"showParticleSystems":true},"in2DMode":false,"pivot":{"x":0.9016213417053223,"y":-5.052189826965332,"z":-0.574195146560669},"rotation":{"x":-0.6353337168693543,"y":0.02337273582816124,"z":-0.019243421033024789,"w":-0.7716439962387085},"size":16.16834831237793,"orthographic":false}