{"cameraMode":{"drawMode":0,"name":"Shaded","section":"Shading Mode"},"sceneLighting":false,"audioPlay":false,"sceneViewState":{"showFog":true,"showMaterialUpdate":false,"showSkybox":true,"showFlares":true,"showImageEffects":true,"showParticleSystems":true},"in2DMode":false,"pivot":{"x":0.07748450338840485,"y":-0.7277030944824219,"z":-1.312417984008789},"rotation":{"x":-0.5747212767601013,"y":0.010306018404662609,"z":-0.007239311467856169,"w":-0.8182523846626282},"size":10.799633979797364,"orthographic":false}