{"cameraMode":{"drawMode":0,"name":"Shaded","section":"Shading Mode"},"sceneLighting":false,"audioPlay":false,"sceneViewState":{"showFog":true,"showMaterialUpdate":false,"showSkybox":true,"showFlares":true,"showImageEffects":true,"showParticleSystems":true},"in2DMode":false,"pivot":{"x":-0.4932921826839447,"y":-0.5008993148803711,"z":-0.9214062690734863},"rotation":{"x":0.5808688998222351,"y":-0.006106898188591003,"z":0.00435851514339447,"w":0.8139626383781433},"size":14.551929473876954,"orthographic":false}