{"cameraMode":{"drawMode":0,"name":"Shaded","section":"Shading Mode"},"sceneLighting":false,"audioPlay":false,"sceneViewState":{"showFog":true,"showMaterialUpdate":false,"showSkybox":true,"showFlares":true,"showImageEffects":true,"showParticleSystems":true},"in2DMode":false,"pivot":{"x":0.0,"y":0.2500000596046448,"z":-2.7499990463256838},"rotation":{"x":0.44599226117134097,"y":-0.009401168674230576,"z":0.0046849921345710758,"w":0.8949751853942871},"size":22.829641342163087,"orthographic":false}