{"cameraMode":{"drawMode":0,"name":"Shaded","section":"Shading Mode"},"sceneLighting":false,"audioPlay":false,"sceneViewState":{"showFog":true,"showMaterialUpdate":false,"showSkybox":true,"showFlares":true,"showImageEffects":true,"showParticleSystems":true},"in2DMode":false,"pivot":{"x":0.15429796278476716,"y":0.5557651519775391,"z":0.059565067291259769},"rotation":{"x":-0.6494127511978149,"y":-0.002969800028949976,"z":0.0025356346741318704,"w":-0.7604261636734009},"size":10.968963623046875,"orthographic":false}