{"cameraMode":{"drawMode":0,"name":"Shaded","section":"Shading Mode"},"sceneLighting":false,"audioPlay":false,"sceneViewState":{"showFog":true,"showMaterialUpdate":false,"showSkybox":true,"showFlares":true,"showImageEffects":true,"showParticleSystems":true},"in2DMode":false,"pivot":{"x":0.13494032621383668,"y":-0.11330431699752808,"z":0.8058781623840332},"rotation":{"x":-0.0020605619065463545,"y":-0.9923011064529419,"z":0.12270493805408478,"w":-0.01667035184800625},"size":3.4367990493774416,"orthographic":false}