{"cameraMode":{"drawMode":0,"name":"Shaded","section":"Shading Mode"},"sceneLighting":false,"audioPlay":false,"sceneViewState":{"showFog":true,"showMaterialUpdate":false,"showSkybox":true,"showFlares":true,"showImageEffects":true,"showParticleSystems":true},"in2DMode":false,"pivot":{"x":-6.444882869720459,"y":-0.6954250335693359,"z":-7.695575714111328},"rotation":{"x":-0.45511969923973086,"y":0.03123803623020649,"z":-0.015979474410414697,"w":-0.8897386789321899},"size":12.860403060913086,"orthographic":false}