{"cameraMode":{"drawMode":0,"name":"Shaded","section":"Shading Mode"},"sceneLighting":false,"audioPlay":false,"sceneViewState":{"showFog":true,"showMaterialUpdate":false,"showSkybox":true,"showFlares":true,"showImageEffects":true,"showParticleSystems":true},"in2DMode":false,"pivot":{"x":354.049560546875,"y":269.9195251464844,"z":-78.52523803710938},"rotation":{"x":-0.321230411529541,"y":-0.0028399010188877584,"z":0.0009639437193982303,"w":-0.94699627161026},"size":291.1427307128906,"orthographic":false}