{"cameraMode":{"drawMode":0,"name":"Shaded","section":"Shading Mode"},"sceneLighting":false,"audioPlay":false,"sceneViewState":{"showFog":true,"showMaterialUpdate":false,"showSkybox":true,"showFlares":true,"showImageEffects":true,"showParticleSystems":true},"in2DMode":false,"pivot":{"x":0.0007303953170776367,"y":0.6043633222579956,"z":-0.026757776737213136},"rotation":{"x":-0.6307421922683716,"y":-0.003490304574370384,"z":0.0028384251054376365,"w":-0.7759794592857361},"size":5.243156909942627,"orthographic":false}