{"cameraMode":{"drawMode":0,"name":"Shaded","section":"Shading Mode"},"sceneLighting":false,"audioPlay":false,"sceneViewState":{"showFog":true,"showMaterialUpdate":false,"showSkybox":true,"showFlares":true,"showImageEffects":true,"showParticleSystems":true},"in2DMode":false,"pivot":{"x":1.113618016242981,"y":0.8187726736068726,"z":2.0879998207092287},"rotation":{"x":-0.27664515376091006,"y":-0.03746428340673447,"z":0.010795032605528832,"w":-0.960180938243866},"size":5.348546981811523,"orthographic":false}