{"cameraMode":{"drawMode":0,"name":"Shaded","section":"Shading Mode"},"sceneLighting":false,"audioPlay":false,"sceneViewState":{"showFog":true,"showMaterialUpdate":false,"showSkybox":true,"showFlares":true,"showImageEffects":true,"showParticleSystems":true},"in2DMode":false,"pivot":{"x":-0.3313356637954712,"y":0.21425628662109376,"z":0.230415940284729},"rotation":{"x":0.6413490772247315,"y":0.009204251691699028,"z":-0.0076945461332798,"w":0.7671554684638977},"size":12.36805534362793,"orthographic":false}