{"cameraMode":{"drawMode":0,"name":"Shaded","section":"Shading Mode"},"sceneLighting":false,"audioPlay":false,"sceneViewState":{"showFog":true,"showMaterialUpdate":false,"showSkybox":true,"showFlares":true,"showImageEffects":true,"showParticleSystems":true},"in2DMode":false,"pivot":{"x":1.428217887878418,"y":-0.5200366973876953,"z":0.5047310590744019},"rotation":{"x":-0.3765343725681305,"y":0.590825617313385,"z":-0.36168116331100466,"w":-0.6150884628295898},"size":18.618080139160158,"orthographic":false}