{"cameraMode":{"drawMode":0,"name":"Shaded","section":"Shading Mode"},"sceneLighting":false,"audioPlay":false,"sceneViewState":{"showFog":true,"showMaterialUpdate":false,"showSkybox":true,"showFlares":true,"showImageEffects":true,"showParticleSystems":true},"in2DMode":false,"pivot":{"x":-0.1096956729888916,"y":-1.6092963218688965,"z":3.554152488708496},"rotation":{"x":-0.2752235531806946,"y":-0.036040499806404117,"z":0.010325789451599121,"w":-0.9606490135192871},"size":8.173827171325684,"orthographic":false}