{"cameraMode":{"drawMode":0,"name":"Shaded","section":"Shading Mode"},"sceneLighting":false,"audioPlay":false,"sceneViewState":{"showFog":true,"showMaterialUpdate":false,"showSkybox":true,"showFlares":true,"showImageEffects":true,"showParticleSystems":true},"in2DMode":false,"pivot":{"x":-0.21211177110671998,"y":0.5821971893310547,"z":-1.9693278074264527},"rotation":{"x":0.6297698020935059,"y":0.009318625554442406,"z":-0.007555616553872824,"w":0.7766892313957214},"size":9.65794563293457,"orthographic":false}