{"cameraMode":{"drawMode":0,"name":"Shaded","section":"Shading Mode"},"sceneLighting":false,"audioPlay":false,"sceneViewState":{"showFog":true,"showMaterialUpdate":false,"showSkybox":true,"showFlares":true,"showImageEffects":true,"showParticleSystems":true},"in2DMode":false,"pivot":{"x":-0.04031568765640259,"y":0.3199048340320587,"z":-0.00627504289150238},"rotation":{"x":-0.6307421922683716,"y":-0.003490304574370384,"z":0.0028384251054376365,"w":-0.7759794592857361},"size":2.70870041847229,"orthographic":false}