{"cameraMode":{"drawMode":0,"name":"Shaded","section":"Shading Mode"},"sceneLighting":false,"audioPlay":false,"sceneViewState":{"showFog":true,"showMaterialUpdate":false,"showSkybox":true,"showFlares":true,"showImageEffects":true,"showParticleSystems":true},"in2DMode":false,"pivot":{"x":-30.22943115234375,"y":-26.921127319335939,"z":0.02909061498939991},"rotation":{"x":-0.25639596581459048,"y":0.6586395502090454,"z":-0.2560792565345764,"w":-0.6594531536102295},"size":57.327781677246097,"orthographic":false}