{"cameraMode":{"drawMode":0,"name":"Shaded","section":"Shading Mode"},"sceneLighting":false,"audioPlay":false,"sceneViewState":{"showFog":true,"showMaterialUpdate":false,"showSkybox":true,"showFlares":true,"showImageEffects":true,"showParticleSystems":true},"in2DMode":false,"pivot":{"x":-1.1635639667510987,"y":0.37655067443847659,"z":-0.6786613464355469},"rotation":{"x":-0.6161423921585083,"y":0.03940945118665695,"z":-0.03089183010160923,"w":-0.7860414981842041},"size":14.25053596496582,"orthographic":false}