{"cameraMode":{"drawMode":0,"name":"Shaded","section":"Shading Mode"},"sceneLighting":false,"audioPlay":false,"sceneViewState":{"showFog":true,"showMaterialUpdate":false,"showSkybox":true,"showFlares":true,"showImageEffects":true,"showParticleSystems":true},"in2DMode":false,"pivot":{"x":-0.16088616847991944,"y":-1.4858684539794922,"z":-2.1281838417053224},"rotation":{"x":0.4906943440437317,"y":-0.033967532217502597,"z":0.01914840191602707,"w":0.8704588413238525},"size":10.615205764770508,"orthographic":false}