{"cameraMode":{"drawMode":0,"name":"Shaded","section":"Shading Mode"},"sceneLighting":false,"audioPlay":false,"sceneViewState":{"showFog":true,"showMaterialUpdate":false,"showSkybox":true,"showFlares":true,"showImageEffects":true,"showParticleSystems":true},"in2DMode":false,"pivot":{"x":-0.1946847289800644,"y":0.8773231506347656,"z":-0.49891233444213869},"rotation":{"x":0.6142736077308655,"y":-0.02366493083536625,"z":0.018435679376125337,"w":0.7885227799415588},"size":9.994688987731934,"orthographic":false}