{"cameraMode":{"drawMode":0,"name":"Shaded","section":"Shading Mode"},"sceneLighting":false,"audioPlay":false,"sceneViewState":{"showFog":true,"showMaterialUpdate":false,"showSkybox":true,"showFlares":true,"showImageEffects":true,"showParticleSystems":true},"in2DMode":false,"pivot":{"x":0.015368372201919556,"y":-1.0966591835021973,"z":0.7780187129974365},"rotation":{"x":-0.4330778419971466,"y":-0.04593450576066971,"z":0.022106150165200235,"w":-0.8999139070510864},"size":4.681421279907227,"orthographic":false}