{"cameraMode":{"drawMode":0,"name":"Shaded","section":"Shading Mode"},"sceneLighting":false,"audioPlay":false,"sceneViewState":{"showFog":true,"showMaterialUpdate":false,"showSkybox":true,"showFlares":true,"showImageEffects":true,"showParticleSystems":true},"in2DMode":false,"pivot":{"x":-3.5285520553588869,"y":0.5,"z":-0.9011020660400391},"rotation":{"x":-0.4956917464733124,"y":0.0325549952685833,"z":-0.018597450107336046,"w":-0.8676888942718506},"size":2.857883930206299,"orthographic":false}