{"cameraMode":{"drawMode":0,"name":"Shaded","section":"Shading Mode"},"sceneLighting":false,"audioPlay":false,"sceneViewState":{"showFog":true,"showMaterialUpdate":false,"showSkybox":true,"showFlares":true,"showImageEffects":true,"showParticleSystems":true},"in2DMode":false,"pivot":{"x":0.9220036268234253,"y":0.17555618286132813,"z":-0.06646758317947388},"rotation":{"x":-0.14186522364616395,"y":-0.6738804578781128,"z":0.1341632604598999,"w":-0.7125726342201233},"size":2.227592945098877,"orthographic":false}