{"cameraMode":{"drawMode":0,"name":"Shaded","section":"Shading Mode"},"sceneLighting":false,"audioPlay":false,"sceneViewState":{"showFog":true,"showMaterialUpdate":false,"showSkybox":true,"showFlares":true,"showImageEffects":true,"showParticleSystems":true},"in2DMode":false,"pivot":{"x":-0.43183836340904238,"y":0.35442066192626955,"z":-1.2065043449401856},"rotation":{"x":-0.6494127511978149,"y":-0.002969800028949976,"z":0.0025356346741318704,"w":-0.7604261636734009},"size":10.444453239440918,"orthographic":false}