{"cameraMode":{"drawMode":0,"name":"Shaded","section":"Shading Mode"},"sceneLighting":false,"audioPlay":false,"sceneViewState":{"showFog":true,"showMaterialUpdate":false,"showSkybox":true,"showFlares":true,"showImageEffects":true,"showParticleSystems":true},"in2DMode":false,"pivot":{"x":-1.7878150939941407,"y":-3.9835376739501955,"z":0.739171028137207},"rotation":{"x":0.6156282424926758,"y":-0.014185725711286068,"z":0.01108527835458517,"w":0.7878310680389404},"size":22.889982223510743,"orthographic":false}