{"cameraMode":{"drawMode":0,"name":"Shaded","section":"Shading Mode"},"sceneLighting":false,"audioPlay":false,"sceneViewState":{"showFog":true,"showMaterialUpdate":false,"showSkybox":true,"showFlares":true,"showImageEffects":true,"showParticleSystems":true},"in2DMode":false,"pivot":{"x":0.6747866272926331,"y":-7.322596549987793,"z":1.0816597938537598},"rotation":{"x":0.5782771706581116,"y":-0.01957867480814457,"z":0.013884016312658787,"w":0.815487265586853},"size":19.127946853637697,"orthographic":false}