{"cameraMode":{"drawMode":0,"name":"Shaded","section":"Shading Mode"},"sceneLighting":false,"audioPlay":false,"sceneViewState":{"showFog":true,"showMaterialUpdate":false,"showSkybox":true,"showFlares":true,"showImageEffects":true,"showParticleSystems":true},"in2DMode":false,"pivot":{"x":1.8714160919189454,"y":0.7792837619781494,"z":0.34082600474357607},"rotation":{"x":-0.015859447419643403,"y":-0.6558487415313721,"z":0.01378503069281578,"w":-0.7545998692512512},"size":5.899621486663818,"orthographic":false}