{"cameraMode":{"drawMode":0,"name":"Shaded","section":"Shading Mode"},"sceneLighting":false,"audioPlay":false,"sceneViewState":{"showFog":true,"showMaterialUpdate":false,"showSkybox":true,"showFlares":true,"showImageEffects":true,"showParticleSystems":true},"in2DMode":false,"pivot":{"x":-0.12999999523162843,"y":7.630000114440918,"z":-7.329999923706055},"rotation":{"x":-0.6582669615745544,"y":0.004517533350735903,"z":-0.003949887119233608,"w":-0.7527607083320618},"size":22.0,"orthographic":false}