{"cameraMode":{"drawMode":0,"name":"Shaded","section":"Shading Mode"},"sceneLighting":false,"audioPlay":false,"sceneViewState":{"showFog":true,"showMaterialUpdate":false,"showSkybox":true,"showFlares":true,"showImageEffects":true,"showParticleSystems":true},"in2DMode":false,"pivot":{"x":-0.5751385688781738,"y":-2.275136947631836,"z":-0.6182098984718323},"rotation":{"x":0.3656928539276123,"y":-0.6158761978149414,"z":0.38854584097862246,"w":0.5796528458595276},"size":13.582944869995118,"orthographic":false}