{"cameraMode":{"drawMode":0,"name":"Shaded","section":"Shading Mode"},"sceneLighting":false,"audioPlay":false,"sceneViewState":{"showFog":true,"showMaterialUpdate":false,"showSkybox":true,"showFlares":true,"showImageEffects":true,"showParticleSystems":true},"in2DMode":false,"pivot":{"x":-0.12326513230800629,"y":-8.88790512084961,"z":2.825852394104004},"rotation":{"x":-0.5448873043060303,"y":0.011553698219358921,"z":-0.007509251590818167,"w":-0.8383960723876953},"size":20.713090896606447,"orthographic":false}