{"cameraMode":{"drawMode":0,"name":"Shaded","section":"Shading Mode"},"sceneLighting":false,"audioPlay":false,"sceneViewState":{"showFog":true,"showMaterialUpdate":false,"showSkybox":true,"showFlares":true,"showImageEffects":true,"showParticleSystems":true},"in2DMode":false,"pivot":{"x":-9.892980575561524,"y":-8.022071838378907,"z":2.8076705932617189},"rotation":{"x":-0.509732186794281,"y":-0.039973773062229159,"z":0.023719318211078645,"w":-0.8590766191482544},"size":40000.0,"orthographic":false}