{"cameraMode":{"drawMode":0,"name":"Shaded","section":"Shading Mode"},"sceneLighting":false,"audioPlay":false,"sceneViewState":{"showFog":true,"showMaterialUpdate":false,"showSkybox":true,"showFlares":true,"showImageEffects":true,"showParticleSystems":true},"in2DMode":false,"pivot":{"x":3.7910683155059816,"y":0.8549889326095581,"z":2.7884421348571779},"rotation":{"x":-0.14649085700511933,"y":-0.011869029141962529,"z":0.0017584350425750018,"w":-0.9891392588615418},"size":4.992000579833984,"orthographic":false}