{"cameraMode":{"drawMode":0,"name":"Shaded","section":"Shading Mode"},"sceneLighting":false,"audioPlay":false,"sceneViewState":{"showFog":true,"showMaterialUpdate":false,"showSkybox":true,"showFlares":true,"showImageEffects":true,"showParticleSystems":true},"in2DMode":false,"pivot":{"x":0.20293962955474854,"y":0.4740943908691406,"z":-0.2701380252838135},"rotation":{"x":-0.6013931035995483,"y":0.011259942315518856,"z":-0.008477551862597466,"w":-0.7988290190696716},"size":10.975306510925293,"orthographic":false}