{"cameraMode":{"drawMode":0,"name":"Shaded","section":"Shading Mode"},"sceneLighting":false,"audioPlay":false,"sceneViewState":{"showFog":true,"showMaterialUpdate":false,"showSkybox":true,"showFlares":true,"showImageEffects":true,"showParticleSystems":true},"in2DMode":false,"pivot":{"x":-0.1634131669998169,"y":-4.595901966094971,"z":4.509339332580566},"rotation":{"x":-0.3662537932395935,"y":0.012563806027173996,"z":-0.004944355692714453,"w":-0.9304170608520508},"size":8.33999252319336,"orthographic":false}