{"cameraMode":{"drawMode":0,"name":"Shaded","section":"Shading Mode"},"sceneLighting":false,"audioPlay":false,"sceneViewState":{"showFog":true,"showMaterialUpdate":false,"showSkybox":true,"showFlares":true,"showImageEffects":true,"showParticleSystems":true},"in2DMode":false,"pivot":{"x":0.0030374526977539064,"y":0.537295937538147,"z":-0.055216073989868167},"rotation":{"x":-0.6538748741149902,"y":0.012931655161082745,"z":-0.01117931492626667,"w":-0.7564095854759216},"size":10.810640335083008,"orthographic":false}