{"cameraMode":{"drawMode":0,"name":"Shaded","section":"Shading Mode"},"sceneLighting":false,"audioPlay":false,"sceneViewState":{"showFog":true,"showMaterialUpdate":false,"showSkybox":true,"showFlares":true,"showImageEffects":true,"showParticleSystems":true},"in2DMode":false,"pivot":{"x":0.0030374526977539064,"y":0.537295937538147,"z":-0.055216073989868167},"rotation":{"x":0.41891708970069888,"y":-0.01498380396515131,"z":0.0069141630083322529,"w":0.907874584197998},"size":25.92909812927246,"orthographic":false}