{"cameraMode":{"drawMode":0,"name":"Shaded","section":"Shading Mode"},"sceneLighting":false,"audioPlay":false,"sceneViewState":{"showFog":true,"showMaterialUpdate":false,"showSkybox":true,"showFlares":true,"showImageEffects":true,"showParticleSystems":true},"in2DMode":false,"pivot":{"x":0.11120171844959259,"y":-2.094540596008301,"z":0.5589814186096191},"rotation":{"x":0.4962533712387085,"y":0.009111948311328888,"z":-0.0052088359370827679,"w":0.8681143522262573},"size":16.23904800415039,"orthographic":false}