{"cameraMode":{"drawMode":0,"name":"Shaded","section":"Shading Mode"},"sceneLighting":false,"audioPlay":false,"sceneViewState":{"showFog":true,"showMaterialUpdate":false,"showSkybox":true,"showFlares":true,"showImageEffects":true,"showParticleSystems":true},"in2DMode":false,"pivot":{"x":0.0005874484777450562,"y":0.15370044112205506,"z":-0.0011364985257387162},"rotation":{"x":-0.14649085700511933,"y":-0.011869029141962529,"z":0.0017584350425750018,"w":-0.9891392588615418},"size":0.7101019024848938,"orthographic":false}