{"cameraMode":{"drawMode":2,"name":"Shaded Wireframe","section":"Shading Mode"},"sceneLighting":false,"audioPlay":false,"sceneViewState":{"showFog":true,"showMaterialUpdate":false,"showSkybox":true,"showFlares":true,"showImageEffects":true,"showParticleSystems":true},"in2DMode":false,"pivot":{"x":1.4845315217971802,"y":-9.37051010131836,"z":-0.5097131729125977},"rotation":{"x":-0.5706834197044373,"y":-0.01847180724143982,"z":0.012843006290495396,"w":-0.8208619356155396},"size":19.24081802368164,"orthographic":false}