{"cameraMode":{"drawMode":0,"name":"Shaded","section":"Shading Mode"},"sceneLighting":false,"audioPlay":false,"sceneViewState":{"showFog":true,"showMaterialUpdate":false,"showSkybox":false,"showFlares":true,"showImageEffects":true,"showParticleSystems":true},"in2DMode":false,"pivot":{"x":-2.844041109085083,"y":2.0313596725463869,"z":-1.2675516605377198},"rotation":{"x":-0.6086179614067078,"y":0.0004789050726685673,"z":-0.00035710015799850225,"w":-0.7934749126434326},"size":8.148717880249024,"orthographic":false}