{"cameraMode":{"drawMode":0,"name":"Shaded","section":"Shading Mode"},"sceneLighting":false,"audioPlay":false,"sceneViewState":{"showFog":true,"showMaterialUpdate":false,"showSkybox":false,"showFlares":true,"showImageEffects":true,"showParticleSystems":true},"in2DMode":false,"pivot":{"x":-1.1458741426467896,"y":1.707297921180725,"z":4.644862174987793},"rotation":{"x":0.5783098340034485,"y":0.017377646639943124,"z":-0.012331362813711167,"w":0.8155494332313538},"size":22.0,"orthographic":false}