{"cameraMode":{"drawMode":0,"name":"Shaded","section":"Shading Mode"},"sceneLighting":false,"audioPlay":false,"sceneViewState":{"showFog":true,"showMaterialUpdate":false,"showSkybox":false,"showFlares":true,"showImageEffects":true,"showParticleSystems":true},"in2DMode":false,"pivot":{"x":-0.7453309297561646,"y":-0.0031366348266601564,"z":-1.3828928470611573},"rotation":{"x":0.6807558536529541,"y":-0.005269170738756657,"z":0.00489253643900156,"w":0.7324856519699097},"size":12.84979248046875,"orthographic":false}