{"cameraMode":{"drawMode":0,"name":"Shaded","section":"Shading Mode"},"sceneLighting":false,"audioPlay":false,"sceneViewState":{"showFog":true,"showMaterialUpdate":false,"showSkybox":false,"showFlares":true,"showImageEffects":true,"showParticleSystems":true},"in2DMode":false,"pivot":{"x":-0.10620713233947754,"y":0.5357704162597656,"z":1.0334603786468506},"rotation":{"x":0.6086161136627197,"y":0.0014338596956804395,"z":-0.0011040554381906987,"w":0.7934724688529968},"size":14.82626724243164,"orthographic":false}