{"cameraMode":{"drawMode":0,"name":"Shaded","section":"Shading Mode"},"sceneLighting":false,"audioPlay":false,"sceneViewState":{"showFog":true,"showMaterialUpdate":false,"showSkybox":false,"showFlares":true,"showImageEffects":true,"showParticleSystems":true},"in2DMode":false,"pivot":{"x":1.5651580095291138,"y":1.8050994873046876,"z":-2.0642154216766359},"rotation":{"x":0.6895058155059815,"y":0.003481238381937146,"z":-0.0033187158405780794,"w":0.7242741584777832},"size":12.53268814086914,"orthographic":false}