{"cameraMode":{"drawMode":0,"name":"Shaded","section":"Shading Mode"},"sceneLighting":false,"audioPlay":false,"sceneViewState":{"showFog":true,"showMaterialUpdate":false,"showSkybox":false,"showFlares":true,"showImageEffects":true,"showParticleSystems":true},"in2DMode":false,"pivot":{"x":0.10998879373073578,"y":2.644556999206543,"z":-2.296537399291992},"rotation":{"x":0.5765007138252258,"y":0.040655799210071567,"z":-0.0287419855594635,"w":0.815588116645813},"size":7.830631732940674,"orthographic":false}