{"cameraMode":{"drawMode":0,"name":"Shaded","section":"Shading Mode"},"sceneLighting":false,"audioPlay":false,"sceneViewState":{"showFog":true,"showMaterialUpdate":false,"showSkybox":false,"showFlares":true,"showImageEffects":true,"showParticleSystems":true},"in2DMode":false,"pivot":{"x":1.7859387397766114,"y":1.4840984344482422,"z":-0.21437788009643556},"rotation":{"x":0.6629698872566223,"y":0.006967166438698769,"z":-0.006174706853926182,"w":0.7485982179641724},"size":13.281476020812989,"orthographic":false}