{"cameraMode":{"drawMode":0,"name":"Shaded","section":"Shading Mode"},"sceneLighting":false,"audioPlay":false,"sceneViewState":{"showFog":true,"showMaterialUpdate":false,"showSkybox":false,"showFlares":true,"showImageEffects":true,"showParticleSystems":true},"in2DMode":false,"pivot":{"x":3.5001540184020998,"y":1.02923583984375,"z":-0.7180700302124023},"rotation":{"x":0.6125597357749939,"y":0.04050496220588684,"z":-0.03146043419837952,"w":0.788768470287323},"size":12.139591217041016,"orthographic":false}