{"cameraMode":{"drawMode":0,"name":"Shaded","section":"Shading Mode"},"sceneLighting":false,"audioPlay":false,"sceneViewState":{"showFog":true,"showMaterialUpdate":false,"showSkybox":false,"showFlares":true,"showImageEffects":true,"showParticleSystems":true},"in2DMode":false,"pivot":{"x":-0.24127909541130067,"y":0.2053394317626953,"z":-0.7756428718566895},"rotation":{"x":-0.6262911558151245,"y":-0.00655002286657691,"z":0.00526267709210515,"w":-0.7795529365539551},"size":11.966400146484375,"orthographic":false}