{"cameraMode":{"drawMode":0,"name":"Shaded","section":"Shading Mode"},"sceneLighting":false,"audioPlay":false,"sceneViewState":{"showFog":true,"showMaterialUpdate":false,"showSkybox":false,"showFlares":true,"showImageEffects":true,"showParticleSystems":true},"in2DMode":false,"pivot":{"x":0.22164849936962129,"y":0.6960830688476563,"z":0.6390471458435059},"rotation":{"x":0.5574474334716797,"y":0.003991162404417992,"z":-0.002683943137526512,"w":0.8302074670791626},"size":14.328012466430664,"orthographic":false}