{"cameraMode":{"drawMode":0,"name":"Shaded","section":"Shading Mode"},"sceneLighting":false,"audioPlay":false,"sceneViewState":{"showFog":true,"showMaterialUpdate":false,"showSkybox":false,"showFlares":true,"showImageEffects":true,"showParticleSystems":true},"in2DMode":false,"pivot":{"x":0.02204883098602295,"y":-4.417082786560059,"z":-0.025538921356201173},"rotation":{"x":-0.604811429977417,"y":0.10125178098678589,"z":-0.07789596170186997,"w":-0.7860670685768127},"size":20.136463165283204,"orthographic":false}